<?xml version="1.0" encoding="UTF-8"?>
<env:Envelope xmlns:env="http://www.w3.org/2003/05/soap-envelope">
<env:Body>
<m:markupvalidationresponse env:encodingStyle="http://www.w3.org/2003/05/soap-encoding" xmlns:m="http://www.w3.org/2005/10/markup-validator">
    
    <m:uri>test.php</m:uri>
    <m:checkedby>http://validator.w3.org/</m:checkedby>
    <m:doctype>-//W3C//DTD HTML 4.01 Transitional//EN</m:doctype>
    <m:charset>iso-8859-1</m:charset>
    <m:validity>true</m:validity>
    <m:errors>
        <m:errorcount>0</m:errorcount>
        <m:errorlist>
          
        </m:errorlist>
    </m:errors>
    <m:warnings>
        <m:warningcount>1</m:warningcount>
        <m:warninglist>
        






  <m:warning><m:messageid>W07</m:messageid><m:message>Contradictory Parse Modes Detected!</m:message></m:warning>

























        
        </m:warninglist>
    </m:warnings>
</m:markupvalidationresponse>
</env:Body>
</env:Envelope>
